quality,similarity,unique words,length ratio
1,0.901270,0.473684,0.125000
0,0.778355,0.250000,0.222222
1,0.874218,0.454545,0.000000
0,0.814769,0.384615,0.400000
1,0.802903,0.241379,0.055556
1,0.862373,0.590909,0.250000
0,0.715624,0.160000,0.230769
1,0.793004,0.428571,0.181818
0,0.698943,0.166667,0.000000
1,0.732825,0.437500,0.181818
0,0.852283,0.517241,0.333333
0,0.886044,0.592593,0.269231
0,0.673921,0.086957,0.214286
1,0.834407,0.571429,0.238095
1,0.892091,0.516129,0.041667
0,0.753210,0.434783,0.250000
0,0.759009,0.142857,0.263158
0,0.847307,0.586207,0.238095
0,0.710555,0.464286,0.090909
1,0.923755,0.666667,0.111111
0,0.908031,0.608696,0.437500
1,0.861554,0.555556,0.000000
1,0.881127,0.482759,0.037037
1,0.842983,0.300000,0.266667
0,0.805310,0.380952,0.318182
0,0.872849,0.538462,0.040000
1,0.806455,0.370370,0.052632
1,0.724347,0.291667,0.285714
1,0.832725,0.428571,0.312500
0,0.782921,0.240000,0.062500
0,0.689496,0.321429,0.312500
1,0.788279,0.275862,0.227273
1,0.779241,0.391304,0.222222
0,0.828508,0.555556,0.294118
1,0.754790,0.312500,0.333333
1,0.765817,0.120000,0.133333
0,0.618374,0.080000,0.071429
1,0.888367,0.450000,0.066667
1,0.992749,0.750000,0.000000
1,0.737860,0.222222,0.444444
1,0.895296,0.486486,0.103448
0,0.719903,0.466667,0.200000
1,0.909234,0.521739,0.235294
0,0.731677,0.200000,0.100000
1,0.882159,0.458333,0.181818
1,0.921573,0.692308,0.086957
0,0.748350,0.392857,0.470588
1,0.756326,0.269231,0.263158
1,0.931885,0.739130,0.217391
1,0.949995,0.720000,0.130435
1,0.793901,0.344828,0.227273
1,0.853136,0.333333,0.166667
1,0.908944,0.620690,0.043478
1,0.754927,0.148148,0.384615
0,0.799434,0.370370,0.105263
1,0.850627,0.366667,0.086957
1,0.882319,0.518519,0.000000
0,0.687876,0.208333,0.388889
1,0.845745,0.470588,0.416667
1,0.827344,0.562500,0.038462
0,0.753791,0.366667,0.307692
0,0.678949,0.260870,0.294118
0,0.792446,0.470588,0.214286
1,0.866825,0.322581,0.041667
0,0.705956,0.241379,0.190476
0,0.839632,0.320000,0.409091
1,0.788126,0.346154,0.222222
1,0.833351,0.300000,0.250000
1,0.787839,0.352941,0.080000
1,0.850766,0.350000,0.200000
0,0.808375,0.378378,0.304348
1,0.857170,0.464286,0.000000
1,0.947344,0.714286,0.000000
1,0.823120,0.363636,0.142857
1,0.598360,0.277778,0.083333
1,0.915971,0.695652,0.000000
1,0.887876,0.448276,0.250000
1,0.869057,0.739130,0.181818
1,0.879528,0.714286,0.000000
1,0.906396,0.709677,0.103448
1,0.843062,0.411765,0.125000
0,0.679525,0.250000,0.250000
1,0.845534,0.555556,0.142857
0,0.809026,0.368421,0.388889
0,0.713842,0.135135,0.095238
1,0.767346,0.421053,0.071429
1,0.738611,0.323529,0.038462
1,0.866574,0.541667,0.095238
1,0.812123,0.523810,0.000000
1,0.906705,0.333333,0.166667
0,0.799021,0.227273,0.076923
0,0.708729,0.227273,0.187500
0,0.747332,0.240000,0.214286
1,0.935543,0.541667,0.050000
0,0.773276,0.192308,0.214286
0,0.795398,0.350000,0.294118
1,0.749849,0.272727,0.000000
0,0.746717,0.346154,0.250000
0,0.558829,0.227273,0.230769
1,0.971826,0.689655,0.125000
1,0.726257,0.240000,0.222222
0,0.654196,0.350000,0.153846
1,0.850053,0.470588,0.037037
1,0.852357,0.444444,0.150000
1,0.773082,0.440000,0.250000
1,0.681376,0.250000,0.083333
0,0.785774,0.440000,0.363636
1,0.829396,0.476190,0.315789
1,0.703043,0.157895,0.000000
1,0.927782,0.592593,0.041667
1,0.901609,0.708333,0.047619
1,0.741209,0.305556,0.043478
1,0.812386,0.433333,0.040000
0,0.783666,0.360000,0.428571
0,0.779287,0.133333,0.266667
1,0.725798,0.409091,0.062500
0,0.791127,0.185185,0.333333
1,0.922881,0.560000,0.294118
0,0.824185,0.310345,0.190476
1,0.916332,0.636364,0.068966
1,0.918783,0.793103,0.038462
1,0.976792,0.703704,0.000000
1,0.834141,0.437500,0.217391
0,0.776413,0.413793,0.100000
1,0.699204,0.150000,0.300000
1,0.904222,0.739130,0.090909
1,0.911841,0.678571,0.400000
1,0.847077,0.433333,0.238095
1,0.890874,0.607143,0.043478
1,0.965911,0.640000,0.173913
0,0.742311,0.172414,0.050000
0,0.776926,0.500000,0.333333
1,0.832192,0.473684,0.153846
1,0.890992,0.666667,0.185185
1,0.881767,0.521739,0.117647
1,0.795203,0.464286,0.210526
0,0.746590,0.272727,0.230769
1,0.947125,0.352941,0.300000
1,0.859643,0.500000,0.000000
0,0.946731,0.666667,0.176471
1,0.633981,0.181818,0.000000
1,0.805970,0.500000,0.043478
1,0.856791,0.607143,0.045455
0,0.809300,0.166667,0.153846
1,0.838737,0.521739,0.117647
0,0.638378,0.250000,0.000000
1,0.736838,0.470588,0.363636
1,0.887712,0.730769,0.190476
1,0.907361,0.681818,0.100000
1,0.960584,0.809524,0.166667
0,0.871970,0.571429,0.142857
1,0.899039,0.640000,0.047619
1,0.789220,0.280000,0.285714
0,0.893925,0.421053,0.153846
1,0.820498,0.321429,0.291667
1,0.901476,0.478261,0.055556
1,0.781263,0.407407,0.227273
1,0.865433,0.545455,0.157895
1,0.906491,0.448276,0.222222
1,0.697038,0.240000,0.176471
1,0.821176,0.434783,0.428571
0,0.836447,0.333333,0.200000
1,0.948357,0.739130,0.333333
1,0.765087,0.416667,0.300000
1,0.753722,0.238095,0.166667
1,0.845208,0.636364,0.100000
0,0.717620,0.260870,0.117647
1,0.930678,0.730769,0.333333
1,0.891781,0.642857,0.083333
1,0.844534,0.583333,0.111111
1,0.862538,0.615385,0.086957
1,0.875663,0.458333,0.105263
1,0.845162,0.290323,0.045455
1,0.940822,0.740741,0.083333
1,0.866561,0.457143,0.172414
0,0.688089,0.260870,0.066667
1,0.613336,0.280000,0.133333
0,0.775447,0.217391,0.200000
1,0.949261,0.703704,0.076923
1,0.841632,0.500000,0.238095
1,0.793079,0.307692,0.176471
1,0.947501,0.538462,0.125000
1,0.795950,0.310345,0.352941
1,0.842840,0.461538,0.000000
1,0.918017,0.758621,0.040000
0,0.391134,0.058824,0.363636
1,0.968898,0.629630,0.076923
0,0.790922,0.500000,0.076923
1,0.786833,0.520000,0.260870
0,0.535554,0.200000,0.000000
1,0.792756,0.388889,0.083333
1,0.882410,0.650000,0.125000
0,0.703352,0.350000,0.200000
1,1.000000,0.700000,0.000000
1,0.967272,0.666667,0.043478
1,0.737458,0.222222,0.055556
1,0.835696,0.411765,0.153846
1,0.945682,0.611111,0.071429
1,0.850548,0.500000,0.047619
1,0.746599,0.185185,0.285714
1,0.859921,0.448276,0.142857
1,0.870080,0.636364,0.312500
1,0.842250,0.500000,0.227273
1,0.898785,0.700000,0.000000
1,0.889680,0.680000,0.095238
1,0.747983,0.379310,0.555556
1,0.940553,0.714286,0.210526
0,0.809378,0.312500,0.296296
1,0.821151,0.526316,0.384615
0,0.650865,0.192308,0.133333
1,0.845493,0.600000,0.217391
0,0.723067,0.148148,0.000000
1,0.719965,0.208333,0.187500
1,0.934130,0.850000,0.166667
1,0.882982,0.500000,0.083333
1,0.766672,0.269231,0.357143
1,0.898059,0.633333,0.200000
1,0.870172,0.516129,0.083333
0,0.875357,0.592593,0.086957
1,0.900047,0.555556,0.130435
0,0.775838,0.272727,0.333333
1,0.834856,0.578947,0.125000
0,0.697317,0.260870,0.235294
1,0.871439,0.590909,0.043478
1,0.830791,0.450000,0.222222
1,0.848122,0.500000,0.000000
1,0.784954,0.423077,0.105263
1,0.841021,0.608696,0.280000
0,0.773004,0.172414,0.111111
0,0.850333,0.625000,0.190476
1,0.857827,0.633333,0.037037
1,0.678149,0.250000,0.333333
0,0.776771,0.304348,0.176471
0,0.817827,0.440000,0.411765
1,0.866021,0.629630,0.043478
1,0.810675,0.500000,0.210526
0,0.825659,0.500000,0.285714
1,0.958108,0.590909,0.105263
1,0.885886,0.409091,0.285714
0,0.702961,0.280000,0.315789
1,0.677652,0.300000,0.352941
1,0.734810,0.315789,0.363636
1,0.984671,0.666667,0.000000
1,0.785170,0.411765,0.080000
0,0.615458,0.250000,0.500000
1,0.762138,0.347826,0.400000
1,0.849783,0.263158,0.266667
1,0.746849,0.200000,0.076923
0,0.842965,0.357143,0.352941
0,0.862947,0.468750,0.185185
1,0.833437,0.250000,0.166667
1,0.884237,0.533333,0.038462
0,0.658722,0.318182,0.416667
1,0.672315,0.300000,0.266667
1,0.930548,0.607143,0.000000
1,0.776176,0.523810,0.133333
1,0.874985,0.434783,0.428571
0,0.795390,0.320000,0.058824
0,0.776689,0.241379,0.000000
1,0.750417,0.285714,0.176471
1,0.850133,0.478261,0.055556
1,0.819289,0.468750,0.000000
1,0.842123,0.521739,0.181818
1,0.879824,0.666667,0.100000
1,0.907466,0.652174,0.157895
0,0.826845,0.312500,0.047619
1,0.849258,0.518519,0.100000
0,0.618942,0.190476,0.333333
1,0.887759,0.608696,0.142857
1,0.903617,0.392857,0.277778
1,0.877456,0.531250,0.115385
0,0.812730,0.333333,0.227273
1,0.845560,0.461538,0.181818
1,0.607813,0.111111,0.125000
1,0.925221,0.607143,0.125000
1,0.876819,0.666667,0.266667
1,0.832204,0.416667,0.055556
1,0.830895,0.450000,0.235294
1,0.796668,0.541667,0.166667
1,0.662633,0.352941,0.230769
1,0.862700,0.560000,0.050000
1,0.740967,0.250000,0.083333
1,0.735105,0.400000,0.120000
1,0.917616,0.500000,0.312500
0,0.747544,0.321429,0.142857
1,0.947311,0.766667,0.137931
1,0.845554,0.586207,0.090909
0,0.666718,0.333333,0.111111
1,0.900047,0.656250,0.038462
0,0.844387,0.476190,0.214286
1,0.907864,0.642857,0.000000
1,0.666063,0.296296,0.227273
1,0.868190,0.607143,0.142857
1,0.901191,0.692308,0.285714
1,0.827866,0.423077,0.352941
0,0.913461,0.625000,0.181818
0,0.685516,0.111111,0.222222
1,0.868244,0.531250,0.040000
1,0.802981,0.480000,0.260870
1,0.838798,0.619048,0.157895
0,0.752501,0.192308,0.000000
1,0.773227,0.375000,0.086957
0,0.848508,0.560000,0.130435
1,0.851711,0.578947,0.142857
1,0.703934,0.320000,0.111111
1,0.763658,0.371429,0.148148
0,0.830752,0.413793,0.291667
1,0.809725,0.416667,0.000000
1,0.916781,0.600000,0.045455
1,0.811584,0.361111,0.037037
1,0.895426,0.523810,0.133333
1,0.781724,0.333333,0.000000
0,0.874850,0.464286,0.047619
1,0.967246,0.607143,0.083333
0,0.764617,0.375000,0.500000
1,0.817217,0.484848,0.227273
0,0.744960,0.285714,0.250000
1,0.890512,0.692308,0.080000
1,0.680124,0.071429,0.142857
1,0.799859,0.476190,0.266667
1,0.762567,0.473684,0.000000
0,0.901646,0.444444,0.312500
0,0.821650,0.444444,0.454545
1,0.861015,0.560000,0.045455
1,0.795050,0.375000,0.142857
1,0.805355,0.578947,0.307692
1,0.874924,0.619048,0.210526
1,0.875472,0.520000,0.052632
0,0.752602,0.294118,0.200000
1,0.767259,0.409091,0.176471
0,0.856420,0.333333,0.277778
1,0.851393,0.392857,0.050000
1,0.863286,0.421053,0.071429
1,0.887193,0.619048,0.117647
0,0.709440,0.400000,0.333333
1,0.832906,0.451613,0.238095
1,0.848335,0.483871,0.120000
1,0.823929,0.518519,0.388889
0,0.919045,0.523810,0.315789
1,0.841488,0.433333,0.214286
0,0.831460,0.361111,0.217391
1,0.917091,0.750000,0.208333
0,0.808770,0.440000,0.136364
1,0.926739,0.428571,0.133333
0,0.861670,0.590909,0.117647
0,0.642806,0.125000,0.200000
1,0.734424,0.350000,0.000000
1,0.839396,0.416667,0.312500
0,0.814207,0.315789,0.250000
0,0.774746,0.233333,0.533333
1,0.943436,0.714286,0.080000
1,0.885193,0.708333,0.000000
0,0.837381,0.370370,0.333333
1,0.839193,0.619048,0.266667
1,0.980021,0.800000,0.083333
1,0.866483,0.483871,0.038462
1,0.788016,0.407407,0.166667
1,0.781517,0.363636,0.000000
1,0.789385,0.500000,0.181818
1,0.753577,0.333333,0.047619
0,0.778071,0.388889,0.214286
0,0.741582,0.250000,0.125000
0,0.804256,0.565217,0.150000
0,0.640036,0.214286,0.111111
0,0.659977,0.363636,0.285714
0,0.734895,0.333333,0.047619
1,0.831780,0.190476,0.333333
1,0.733051,0.217391,0.000000
1,0.787501,0.346154,0.117647
0,0.665975,0.346154,0.312500
1,0.887109,0.592593,0.043478
1,0.870430,0.684211,0.055556
0,0.825915,0.347826,0.315789
0,0.765755,0.423077,0.260870
0,0.778877,0.482759,0.041667
0,0.743605,0.256410,0.166667
1,0.625283,0.315789,0.266667
0,0.859930,0.484848,0.300000
1,0.808816,0.416667,0.000000
1,0.860624,0.653846,0.047619
1,0.955476,0.727273,0.105263
1,0.828138,0.551724,0.074074
0,0.715144,0.368421,0.000000
1,0.841512,0.541667,0.000000
1,0.941370,0.777778,0.083333
1,0.946172,0.642857,0.086957
1,0.905518,0.666667,0.000000
0,0.715373,0.368421,0.416667
1,0.815316,0.464286,0.000000
1,0.846361,0.468750,0.285714
1,0.806638,0.486486,0.034483
1,0.927322,0.315789,0.142857
1,0.949499,0.607143,0.090909
1,0.869358,0.500000,0.045455
1,0.958685,0.560000,0.050000
0,0.725419,0.454545,0.200000
1,0.806457,0.500000,0.000000
0,0.729530,0.200000,0.400000
1,0.818222,0.478261,0.263158
1,0.780990,0.380952,0.066667
0,0.736257,0.240000,0.062500
1,0.952757,0.652174,0.000000
0,0.840637,0.526316,0.500000
1,0.709709,0.407407,0.142857
1,0.731448,0.333333,0.153846
1,0.795987,0.413793,0.047619
1,0.691210,0.375000,0.428571
0,0.699347,0.300000,0.142857
0,0.715891,0.307692,0.000000
1,0.801935,0.473684,0.235294
1,0.648539,0.272727,0.250000
1,0.874280,0.416667,0.157895
1,0.733582,0.238095,0.000000
1,0.952442,0.428571,0.200000
0,0.581810,0.238095,0.266667
0,0.783151,0.461538,0.352941
0,0.777032,0.409091,0.285714
0,0.694858,0.304348,0.125000
1,0.872733,0.531250,0.071429
1,0.801104,0.423077,0.294118
1,0.792020,0.520000,0.173913
1,0.931395,0.481481,0.105263
1,0.746104,0.300000,0.086957
0,0.614481,0.294118,0.000000
1,0.769402,0.307692,0.000000
0,0.884093,0.500000,0.269231
0,0.744991,0.259259,0.333333
1,0.815974,0.133333,0.300000
1,0.739749,0.294118,0.083333
1,0.799862,0.444444,0.388889
0,0.741526,0.428571,0.000000
1,0.844838,0.250000,0.333333
1,0.852439,0.464286,0.185185
1,0.824537,0.360000,0.000000
1,0.846786,0.517241,0.214286
1,0.874004,0.565217,0.105263
1,0.712479,0.363636,0.125000
0,0.838390,0.433333,0.321429
1,0.748443,0.280000,0.238095
1,0.894223,0.550000,0.176471
1,0.907157,0.538462,0.208333
0,0.777887,0.320000,0.062500
1,0.714101,0.268293,0.037037
1,0.808681,0.437500,0.153846
0,0.769809,0.409091,0.176471
1,0.748522,0.473684,0.111111
1,0.921459,0.692308,0.160000
0,0.843607,0.409091,0.400000
1,0.849749,0.625000,0.071429
1,0.706145,0.285714,0.055556
1,0.784984,0.466667,0.045455
1,0.778205,0.500000,0.333333
1,0.891909,0.724138,0.000000
0,0.788321,0.230769,0.133333
0,0.867378,0.533333,0.192308
1,0.900736,0.483871,0.190476
1,0.972042,0.833333,0.000000
1,0.910530,0.640000,0.090909
1,0.905091,0.571429,0.272727
0,0.663510,0.166667,0.153846
1,0.816024,0.458333,0.150000
0,0.843448,0.550000,0.166667
0,0.840635,0.441176,0.120000
1,0.831143,0.500000,0.166667
1,0.918839,0.636364,0.100000
0,0.580005,0.047619,0.090909
1,0.831674,0.500000,0.058824
1,0.930266,0.629630,0.076923
0,0.686709,0.238095,0.166667
1,0.820397,0.531250,0.074074
1,0.840678,0.440000,0.200000
1,0.982895,0.760000,0.000000
1,0.952999,0.700000,0.000000
1,0.711071,0.263158,0.083333
0,0.616883,0.190476,0.214286
1,0.814486,0.500000,0.333333
1,0.671535,0.230769,0.117647
1,0.906341,0.678571,0.076923
0,0.719818,0.333333,0.076923
0,0.822274,0.434783,0.111111
1,0.888602,0.391304,0.000000
0,0.757581,0.500000,0.266667
0,0.707226,0.297297,0.040000
0,0.909616,0.653846,0.500000
1,0.892003,0.521739,0.294118
0,0.747093,0.233333,0.052632
1,0.824323,0.593750,0.074074
0,0.863920,0.600000,0.095238
1,0.707515,0.615385,0.000000
0,0.845482,0.482759,0.130435
0,0.832925,0.428571,0.125000
1,0.848985,0.419355,0.192308
1,0.774479,0.166667,0.071429
1,0.943021,0.583333,0.240000
1,0.795732,0.315789,0.214286
1,0.809996,0.450000,0.357143
1,0.963811,0.777778,0.000000
1,0.789618,0.550000,0.214286
0,0.625227,0.190476,0.363636
0,0.690661,0.269231,0.200000
1,0.863568,0.523810,0.200000
1,0.793414,0.521739,0.150000
0,0.786883,0.300000,0.035714
0,0.746360,0.117647,0.111111
0,0.622842,0.105263,0.090909
1,0.816728,0.583333,0.181818
0,0.781013,0.238095,0.142857
1,0.899076,0.625000,0.045455
1,0.930105,0.450000,0.066667
1,0.903387,0.612903,0.080000
1,0.715480,0.315789,0.214286
1,0.827885,0.612903,0.035714
1,0.736570,0.320000,0.062500
0,0.546034,0.181818,0.000000
1,0.764712,0.222222,0.176471
0,0.778651,0.266667,0.050000
1,0.918649,0.619048,0.266667
1,0.850973,0.583333,0.352941
1,0.837499,0.611111,0.117647
1,0.661030,0.300000,0.142857
1,0.823828,0.517241,0.526316
0,0.776316,0.302326,0.000000
1,0.892639,0.666667,0.000000
0,0.868435,0.636364,0.117647
1,0.836904,0.468750,0.333333
1,0.803078,0.333333,0.136364
0,0.786629,0.310345,0.000000
1,0.869167,0.444444,0.105263
1,0.875325,0.411765,0.000000
1,0.877395,0.578947,0.000000
1,0.859044,0.600000,0.111111
0,0.688292,0.190476,0.272727
1,0.869984,0.428571,0.000000
1,0.865685,0.354839,0.090909
0,0.870202,0.562500,0.153846
1,0.850451,0.468750,0.173913
0,0.808225,0.523810,0.200000
0,0.749734,0.250000,0.235294
1,0.883949,0.608696,0.150000
1,0.921087,0.409091,0.062500
1,0.911279,0.615385,0.269231
0,0.672198,0.210526,0.090909
1,0.693410,0.272727,0.187500
1,0.774216,0.333333,0.117647
1,0.850096,0.500000,0.235294
1,0.749629,0.363636,0.461538
1,0.807551,0.379310,0.217391
0,0.843315,0.538462,0.291667
1,0.742958,0.272727,0.000000
1,0.828554,0.441176,0.000000
1,0.718522,0.296296,0.105263
1,0.903673,0.633333,0.035714
1,0.902061,0.608696,0.142857
1,0.838008,0.464286,0.150000
1,0.801593,0.538462,0.181818
1,0.909435,0.615385,0.086957
0,0.697884,0.333333,0.235294
1,0.832539,0.444444,0.222222
1,0.750991,0.333333,0.400000
0,0.935869,0.550000,0.187500
0,0.843859,0.466667,0.368421
0,0.804646,0.333333,0.190476
1,0.698416,0.250000,0.307692
1,0.804196,0.368421,0.153846
1,0.708892,0.384615,0.375000
1,1.000000,0.714286,0.000000
1,0.865116,0.423077,0.166667
1,0.927738,0.645161,0.000000
0,0.692351,0.285714,0.150000
1,0.912002,0.550000,0.500000
0,0.783527,0.277778,0.357143
1,0.899616,0.640000,0.047619
1,0.931302,0.551724,0.250000
1,0.816350,0.450000,0.066667
0,0.797486,0.409091,0.222222
0,0.819070,0.500000,0.000000
1,0.951906,0.800000,0.000000
1,0.841021,0.423077,0.388889
0,0.914615,0.629630,0.238095
1,0.709918,0.350000,0.133333
0,0.847142,0.444444,0.388889
0,0.691980,0.303030,0.086957
0,0.639853,0.181818,0.375000
1,0.870388,0.592593,0.380952
0,0.667083,0.243243,0.000000
0,0.787622,0.333333,0.037037
1,0.768319,0.190476,0.272727
1,0.747383,0.300000,0.333333
0,0.755423,0.200000,0.318182
1,0.903737,0.629630,0.192308
1,0.909358,0.666667,0.045455
1,0.788055,0.208333,0.071429
1,0.839345,0.448276,0.296296
1,0.850169,0.333333,0.130435
1,0.814365,0.400000,0.000000
1,0.872312,0.548387,0.120000
1,0.921734,0.590909,0.055556
1,0.682074,0.318182,0.307692
1,0.887944,0.565217,0.208333
0,0.730169,0.391304,0.125000
1,0.729401,0.218750,0.000000
1,0.855575,0.600000,0.157895
1,0.907438,0.739130,0.200000
0,0.765701,0.454545,0.157895
1,0.803783,0.500000,0.400000
0,0.715882,0.080000,0.000000
0,0.769786,0.351351,0.107143
1,0.926782,0.590909,0.150000
1,0.710903,0.294118,0.083333
1,0.730105,0.187500,0.111111
1,0.761199,0.310345,0.000000
1,0.753360,0.350000,0.250000
1,0.768826,0.434783,0.000000
0,0.766579,0.260870,0.230769
0,0.867968,0.516129,0.125000
1,0.900896,0.666667,0.080000
1,0.882524,0.458333,0.055556
1,0.905698,0.652174,0.111111
1,0.738520,0.250000,0.187500
1,0.890554,0.588235,0.076923
0,0.810296,0.483871,0.090909
1,0.686691,0.250000,0.235294
1,0.877203,0.615385,0.000000
1,0.718024,0.270270,0.041667
1,0.854043,0.500000,0.238095
0,0.804360,0.222222,0.444444
1,0.774915,0.333333,0.000000
1,0.796726,0.360000,0.000000
1,0.932349,0.700000,0.166667
1,0.786666,0.500000,0.117647
1,0.739338,0.291667,0.000000
1,0.862646,0.555556,0.238095
0,0.720220,0.333333,0.333333
1,0.814934,0.413793,0.357143
1,0.768051,0.400000,0.055556
1,0.770742,0.300000,0.222222
0,0.737646,0.333333,0.000000
1,0.920064,0.437500,0.086957
0,0.765129,0.320000,0.285714
0,0.701069,0.260870,0.058824
1,0.738618,0.416667,0.105263
0,0.842873,0.391304,0.117647
1,0.791751,0.500000,0.038462
1,0.915775,0.740741,0.000000
1,0.703383,0.294118,0.200000
1,0.939695,0.714286,0.277778
1,0.748864,0.350000,0.230769
1,0.847174,0.375000,0.125000
0,0.857578,0.388889,0.500000
1,0.698650,0.200000,0.125000
1,0.918069,0.708333,0.125000
1,0.920530,0.423077,0.000000
1,0.916506,0.608696,0.055556
0,0.770364,0.250000,0.333333
0,0.626020,0.214286,0.125000
1,0.723674,0.346154,0.100000
1,0.856646,0.551724,0.250000
1,0.883661,0.535714,0.000000
0,0.741976,0.250000,0.133333
1,0.786802,0.421053,0.000000
0,0.800362,0.366667,0.210526
0,0.804808,0.384615,0.190476
1,0.935648,0.750000,0.041667
1,0.790237,0.333333,0.150000
1,0.847896,0.533333,0.071429
0,0.875538,0.484848,0.380952
0,0.801247,0.333333,0.050000
0,0.730043,0.318182,0.214286
1,0.832094,0.640000,0.000000
1,0.911585,0.592593,0.190476
0,0.736957,0.307692,0.250000
0,0.603471,0.238095,0.076923
0,0.875955,0.592593,0.166667
1,0.843267,0.615385,0.285714
1,0.856956,0.500000,0.181818
1,0.921236,0.666667,0.250000
1,0.723524,0.304348,0.142857
0,0.838677,0.440000,0.437500
1,0.827449,0.535714,0.263158
1,0.883712,0.500000,0.192308
1,0.749274,0.458333,0.055556
1,0.862919,0.500000,0.296296
1,0.808737,0.333333,0.153846
1,0.846894,0.421053,0.200000
1,0.857273,0.590909,0.055556
1,0.723927,0.178571,0.200000
1,0.757793,0.437500,0.090909
1,0.807662,0.444444,0.266667
1,0.738606,0.346154,0.333333
0,0.693697,0.217391,0.153846
0,0.822961,0.555556,0.388889
1,0.966400,0.720000,0.045455
1,0.879137,0.642857,0.142857
0,0.911754,0.666667,0.241379
0,0.866663,0.307692,0.250000
1,0.975950,0.700000,0.037037
1,0.852810,0.428571,0.444444
0,0.725352,0.391304,0.250000
0,0.642122,0.190476,0.250000
1,0.719895,0.347826,0.000000
1,0.785065,0.368421,0.076923
1,0.859846,0.548387,0.086957
1,0.870193,0.565217,0.190476
1,0.849691,0.444444,0.000000
0,0.691008,0.200000,0.000000
1,0.830732,0.208333,0.230769
1,0.881225,0.538462,0.043478
0,0.908820,0.517241,0.250000
0,0.787319,0.444444,0.411765
0,0.861320,0.578947,0.157895
0,0.666387,0.333333,0.250000
0,0.845426,0.555556,0.315789
1,0.768613,0.428571,0.357143
0,0.678714,0.350000,0.250000
0,0.712001,0.200000,0.272727
0,0.856163,0.478261,0.333333
1,0.874414,0.625000,0.100000
0,0.907454,0.611111,0.500000
0,0.799277,0.285714,0.312500
1,0.772312,0.333333,0.187500
0,0.705369,0.125000,0.250000
1,0.889128,0.653846,0.045455
1,0.809982,0.619048,0.210526
1,0.723139,0.315789,0.133333
0,0.667157,0.300000,0.454545
1,0.940226,0.600000,0.000000
0,0.656098,0.250000,0.176471
0,0.734642,0.342105,0.071429
1,0.736361,0.333333,0.052632
1,0.887979,0.619048,0.105263
1,0.899006,0.666667,0.000000
0,0.821995,0.444444,0.250000
1,0.887097,0.653846,0.285714
1,0.730484,0.466667,0.300000
1,0.833054,0.357143,0.052632
1,0.599108,0.250000,0.187500
0,0.616239,0.210526,0.300000
1,0.759268,0.466667,0.368421
0,0.753951,0.272727,0.153846
1,0.690726,0.270270,0.217391
0,0.803050,0.275862,0.047619
1,0.862073,0.578947,0.461538
1,0.806660,0.285714,0.071429
1,0.942875,0.333333,0.181818
1,0.894980,0.592593,0.043478
0,0.844226,0.500000,0.187500
1,0.811076,0.571429,0.166667
0,0.704753,0.344828,0.352941
1,0.808708,0.500000,0.074074
1,0.922330,0.454545,0.000000
1,0.824250,0.352941,0.090909
1,0.918080,0.785714,0.142857
0,0.698008,0.200000,0.000000
1,0.917346,0.615385,0.074074
1,0.907252,0.625000,0.166667
0,0.832330,0.482759,0.160000
1,0.914055,0.640000,0.315789
1,0.835501,0.363636,0.142857
1,0.695816,0.275000,0.000000
0,0.917585,0.653846,0.250000
1,0.898389,0.708333,0.000000
1,0.774214,0.250000,0.214286
1,0.869349,0.615385,0.045455
1,0.875668,0.586207,0.428571
1,0.889403,0.500000,0.066667
1,0.823235,0.483871,0.296296
0,0.746128,0.382353,0.041667
1,0.809273,0.458333,0.269231
1,0.796120,0.285714,0.133333
0,0.759981,0.360000,0.058824
0,0.798188,0.318182,0.125000
1,0.867782,0.516129,0.206897
0,0.741075,0.423077,0.235294
1,0.892728,0.695652,0.090909
1,0.788177,0.400000,0.125000
0,0.737996,0.285714,0.312500
0,0.792768,0.450000,0.125000
0,0.852800,0.413793,0.181818
0,0.727080,0.208333,0.187500
0,0.846513,0.476190,0.428571
1,0.775481,0.346154,0.263158
1,0.788962,0.466667,0.125000
1,0.842085,0.600000,0.000000
1,0.791269,0.454545,0.133333
1,0.938746,0.545455,0.000000
1,0.938119,0.727273,0.043478
1,0.853178,0.434783,0.142857
1,0.931156,0.647059,0.277778
0,0.730744,0.375000,0.166667
1,0.769688,0.344828,0.227273
1,0.858918,0.520000,0.105263
1,0.839182,0.421053,0.000000
0,0.847585,0.461538,0.440000
1,0.868134,0.476190,0.461538
1,0.907093,0.640000,0.045455
1,0.952081,0.769231,0.076923
1,0.786051,0.458333,0.000000
1,0.741111,0.304348,0.235294
1,0.812719,0.423077,0.300000
1,0.901779,0.592593,0.000000
1,0.936266,0.708333,0.200000
1,0.882965,0.535714,0.259259
1,0.864534,0.625000,0.260870
1,0.886408,0.583333,0.437500
1,0.854878,0.500000,0.105263
0,0.683237,0.250000,0.166667
0,0.789125,0.363636,0.296296
1,0.843149,0.560000,0.136364
0,0.720212,0.105263,0.100000
1,0.765468,0.291667,0.461538
1,0.853875,0.521739,0.304348
1,0.806164,0.350000,0.142857
0,0.599911,0.277778,0.285714
1,0.890012,0.444444,0.105263
0,0.703938,0.269231,0.200000
1,0.808607,0.344828,0.047619
0,0.792466,0.428571,0.384615
0,0.749830,0.260870,0.307692
0,0.718108,0.368421,0.000000
0,0.733995,0.292683,0.035714
0,0.890535,0.600000,0.210526
1,0.974311,0.782609,0.095238
1,0.770198,0.428571,0.095238
1,0.755920,0.380952,0.222222
0,0.711294,0.333333,0.222222
0,0.842551,0.518519,0.238095
0,0.593182,0.250000,0.000000
1,0.908311,0.653846,0.315789
0,0.756333,0.347826,0.384615
0,0.723590,0.368421,0.200000
1,0.747339,0.371429,0.217391
1,0.906864,0.720000,0.185185
0,0.765021,0.363636,0.500000
1,0.742679,0.370370,0.437500
1,0.945217,0.714286,0.227273
0,0.872138,0.600000,0.259259
1,0.733141,0.342857,0.153846
0,0.790510,0.250000,0.500000
0,0.639150,0.230769,0.312500
0,0.883925,0.500000,0.200000
1,0.913569,0.521739,0.157895
1,0.913220,0.629630,0.041667
1,0.855034,0.571429,0.250000
0,0.816079,0.470588,0.071429
1,0.964007,0.689655,0.038462
1,0.890385,0.520000,0.263158
1,0.877455,0.437500,0.083333
0,0.737526,0.250000,0.176471
1,0.794422,0.473684,0.142857
0,0.907826,0.708333,0.307692
1,0.865657,0.500000,0.160000
1,0.870068,0.444444,0.000000
1,0.888276,0.705882,0.266667
1,0.803423,0.434783,0.058824
1,0.675827,0.269231,0.062500
1,0.781396,0.300000,0.000000
0,0.804488,0.500000,0.304348
1,0.876975,0.714286,0.050000
0,0.705235,0.272727,0.080000
1,0.844707,0.344828,0.047619
1,0.743142,0.260870,0.214286
1,0.885450,0.696970,0.033333
1,0.904657,0.724138,0.000000
1,0.844172,0.423077,0.000000
1,0.830761,0.375000,0.300000
0,0.894339,0.419355,0.400000
1,0.805328,0.352941,0.153846
1,0.886492,0.612903,0.208333
0,0.665942,0.243243,0.083333
1,0.768561,0.382353,0.041667
1,0.840245,0.478261,0.176471
1,0.653885,0.285714,0.250000
1,0.862714,0.545455,0.250000
0,0.880484,0.400000,0.333333
0,0.761868,0.192308,0.368421
1,0.876829,0.655172,0.040000
1,0.625931,0.222222,0.285714
1,0.864862,0.600000,0.285714
1,0.848932,0.375000,0.315789
1,0.857768,0.433333,0.000000
1,0.949724,0.680000,0.000000
1,0.884085,0.541667,0.052632
1,0.939581,0.607143,0.041667
1,0.921678,0.631579,0.222222
0,0.766598,0.291667,0.583333
1,0.808900,0.406250,0.080000
1,0.812572,0.272727,0.071429
0,0.749045,0.240000,0.062500
0,0.626472,0.277778,0.230769
1,0.791221,0.545455,0.125000
0,0.841245,0.437500,0.296296
0,0.803391,0.419355,0.227273
1,0.775377,0.375000,0.041667
0,0.822434,0.450000,0.416667
1,0.719858,0.285714,0.296296
1,0.979772,0.703704,0.000000
1,0.825350,0.448276,0.230769
1,0.880673,0.615385,0.000000
1,0.764898,0.411765,0.272727
0,0.736210,0.291667,0.000000
1,0.891014,0.555556,0.120000
1,0.693915,0.117647,0.111111
0,0.641125,0.208333,0.142857
1,0.823797,0.562500,0.357143
1,0.916032,0.760000,0.300000
1,0.702631,0.294118,0.200000
0,0.855575,0.296296,0.400000
1,0.761808,0.382353,0.040000
1,0.869359,0.500000,0.250000
0,0.829120,0.500000,0.562500
1,0.775049,0.411765,0.272727
1,0.968835,0.454545,0.055556
0,0.582467,0.166667,0.416667
0,0.602752,0.222222,0.090909
1,0.817424,0.333333,0.210526
1,0.933153,0.666667,0.035714
1,0.905095,0.586207,0.130435
1,0.722755,0.391304,0.058824
1,0.832133,0.607143,0.222222
1,0.801850,0.379310,0.181818
1,0.878141,0.523810,0.133333
0,0.764630,0.325581,0.000000
1,0.850506,0.533333,0.421053
0,0.610545,0.294118,0.000000
0,0.658968,0.208333,0.285714
1,0.807320,0.434783,0.000000
0,0.808094,0.476190,0.222222
1,0.901570,0.666667,0.000000
1,0.884172,0.714286,0.034483
0,0.842025,0.500000,0.178571
1,0.860418,0.650000,0.000000
1,0.763751,0.409091,0.150000
0,0.607202,0.208333,0.142857
1,0.737509,0.333333,0.416667
0,0.798616,0.333333,0.176471
0,0.717843,0.323529,0.000000
0,0.690468,0.111111,0.333333
1,0.879130,0.545455,0.250000
1,0.743608,0.277778,0.083333
0,0.519263,0.117647,0.000000
1,0.973049,0.709677,0.153846
0,0.691893,0.083333,0.142857
0,0.784481,0.250000,0.222222
0,0.742046,0.333333,0.076923
0,0.807835,0.454545,0.000000
1,0.773142,0.421053,0.454545
0,0.825171,0.478261,0.227273
0,0.757953,0.360000,0.272727
1,0.768448,0.333333,0.315789
1,0.741810,0.375000,0.300000
1,0.838045,0.464286,0.090909
0,0.711467,0.214286,0.173913
1,0.864725,0.652174,0.111111
0,0.752191,0.500000,0.181818
0,0.763297,0.290323,0.050000
0,0.762775,0.370370,0.000000
1,0.818775,0.434783,0.100000
0,0.866372,0.666667,0.250000
1,0.910563,0.689655,0.000000
1,0.645959,0.200000,0.181818
0,0.643085,0.272727,0.250000
1,0.939127,0.750000,0.000000
0,0.851544,0.571429,0.041667
1,0.620367,0.208333,0.187500
1,0.861224,0.480000,0.052632
1,0.737160,0.240000,0.117647
1,0.762491,0.200000,0.400000
0,0.707995,0.266667,0.272727
1,0.878799,0.619048,0.400000
1,0.699958,0.217391,0.416667
1,0.956336,0.607143,0.041667
1,0.638367,0.240000,0.214286
0,0.792934,0.419355,0.080000
1,0.785721,0.411765,0.181818
1,0.839658,0.500000,0.062500
1,0.709494,0.368421,0.153846
1,0.786564,0.333333,0.050000
0,0.766214,0.280000,0.250000
1,0.939149,0.750000,0.210526
1,0.861978,0.548387,0.000000
1,0.876772,0.720000,0.200000
0,0.824241,0.545455,0.105263
0,0.637335,0.240000,0.066667
1,0.710650,0.333333,0.428571
1,0.795280,0.518519,0.086957
1,0.864960,0.466667,0.074074
1,0.875898,0.625000,0.050000
0,0.774460,0.400000,0.294118
1,0.922402,0.444444,0.090909
0,0.796463,0.400000,0.333333
1,0.716914,0.321429,0.105263
1,0.692386,0.280000,0.210526
1,0.929788,0.740741,0.041667
0,0.730742,0.473684,0.333333
1,0.974944,0.821429,0.000000
0,0.840209,0.400000,0.421053
1,0.920024,0.653846,0.192308
0,0.916788,0.655172,0.450000
1,0.770025,0.315789,0.076923
0,0.763299,0.137931,0.058824
1,0.873093,0.333333,0.263158
0,0.679253,0.181818,0.266667
1,0.800123,0.454545,0.217391
1,0.925110,0.739130,0.200000
0,0.776480,0.307692,0.300000
0,0.904307,0.592593,0.500000
1,0.640918,0.260870,0.416667
0,0.759760,0.321429,0.466667
1,0.840141,0.470588,0.076923
0,0.835686,0.440000,0.312500
0,0.820095,0.423077,0.052632
1,0.830621,0.304348,0.055556
1,0.934539,0.538462,0.041667
1,0.875151,0.419355,0.076923
1,0.946240,0.454545,0.000000
1,0.813923,0.500000,0.133333
1,0.786291,0.454545,0.111111
1,0.890640,0.631579,0.125000
0,0.809378,0.296296,0.250000
1,0.908798,0.538462,0.160000
1,0.958123,0.678571,0.120000
1,0.920188,0.709677,0.037037
1,0.816036,0.482759,0.238095
1,0.848175,0.400000,0.187500
1,0.895206,0.551724,0.043478
0,0.741535,0.269231,0.052632
1,0.891618,0.640000,0.100000
0,0.831187,0.541667,0.444444
1,0.831156,0.600000,0.047619
1,0.809852,0.368421,0.312500
1,0.713364,0.277778,0.090909
0,0.809431,0.392857,0.210526
0,0.794208,0.454545,0.437500
1,0.760601,0.285714,0.454545
1,0.856733,0.523810,0.117647
1,0.848351,0.368421,0.142857
1,0.813060,0.454545,0.038462
1,0.765509,0.346154,0.400000
1,0.783360,0.321429,0.000000
0,0.623203,0.200000,0.153846
1,0.753797,0.230769,0.074074
0,0.755028,0.250000,0.142857
0,0.931713,0.689655,0.080000
0,0.912370,0.727273,0.227273
1,0.688804,0.315789,0.230769
1,0.764557,0.235294,0.000000
1,0.983504,0.785714,0.000000
0,0.812851,0.333333,0.346154
1,0.761619,0.370370,0.111111
1,0.945355,0.421053,0.500000
0,0.706220,0.240000,0.176471
1,0.901327,0.689655,0.000000
1,0.731700,0.200000,0.083333
1,0.814785,0.478261,0.210526
1,0.730938,0.222222,0.000000
1,0.795199,0.448276,0.090909
0,0.798119,0.352941,0.090909
1,0.749469,0.181818,0.235294
0,0.742560,0.259259,0.333333
0,0.690625,0.256410,0.000000
1,0.850721,0.521739,0.187500
1,0.942886,0.520000,0.000000
0,0.739932,0.304348,0.066667
0,0.830579,0.421053,0.230769
0,0.821263,0.500000,0.444444
1,0.807365,0.416667,0.266667
0,0.836037,0.346154,0.000000
1,0.847504,0.310345,0.210526
0,0.607806,0.250000,0.105263
1,0.810964,0.217391,0.142857
1,0.852985,0.593750,0.111111
1,0.860264,0.500000,0.000000
0,0.760121,0.230769,0.000000
1,0.804526,0.309524,0.035714
1,0.718223,0.375000,0.444444
1,0.844250,0.636364,0.052632
1,0.883731,0.680000,0.142857
1,0.781507,0.473684,0.125000
1,0.942739,0.758621,0.142857
1,0.678850,0.200000,0.142857
1,1.000000,0.793103,0.000000
1,0.910982,0.740741,0.107143
1,0.902643,0.655172,0.107143
0,0.807755,0.444444,0.050000
1,0.792231,0.388889,0.208333
1,0.804612,0.478261,0.055556
1,0.701765,0.363636,0.235294
1,0.831266,0.387097,0.296296
0,0.786719,0.192308,0.277778
1,0.910591,0.714286,0.333333
1,0.912258,0.733333,0.037037
0,0.731670,0.291667,0.277778
0,0.653906,0.222222,0.263158
1,0.857315,0.520000,0.533333
0,0.827915,0.484848,0.076923
0,0.738683,0.387097,0.269231
0,0.647787,0.318182,0.133333
1,0.922697,0.724138,0.000000
0,0.850017,0.551724,0.368421
0,0.728296,0.192308,0.222222
0,0.838258,0.391304,0.058824
1,0.938516,0.666667,0.153846
1,0.733459,0.333333,0.333333
0,0.871447,0.451613,0.000000
1,0.779818,0.350000,0.294118
0,0.707195,0.238095,0.375000
0,0.770219,0.238095,0.142857
1,0.915262,0.733333,0.035714
1,0.773102,0.310345,0.142857
1,0.913383,0.583333,0.263158
1,0.742658,0.166667,0.000000
0,0.636800,0.235294,0.100000
0,0.687576,0.300000,0.363636
0,0.737998,0.208333,0.066667
1,0.921835,0.560000,0.222222
1,0.940207,0.703704,0.000000
1,0.885913,0.548387,0.074074
1,0.726229,0.388889,0.307692
1,0.700690,0.321429,0.000000
0,0.780250,0.173913,0.076923
1,0.727227,0.333333,0.272727
1,0.866244,0.592593,0.045455
0,0.806331,0.451613,0.272727
1,0.937540,0.689655,0.076923
1,0.763336,0.421053,0.076923
0,0.870643,0.526316,0.062500
1,0.794448,0.263158,0.153846
1,0.938153,0.720000,0.086957
1,0.820453,0.434783,0.062500
1,0.817502,0.538462,0.346154
1,0.977125,0.565217,0.117647
1,0.851806,0.521739,0.411765
1,0.929641,0.629630,0.000000
1,0.882184,0.666667,0.000000
1,0.659111,0.333333,0.000000
0,0.801298,0.375000,0.058824
0,0.858068,0.565217,0.142857
1,0.911350,0.750000,0.038462
0,0.840026,0.448276,0.470588
1,0.871454,0.560000,0.130435
1,0.875512,0.680000,0.350000
1,0.855694,0.555556,0.250000
1,0.761478,0.294118,0.000000
0,0.599156,0.107143,0.266667
1,0.937347,0.592593,0.100000
0,0.913883,0.592593,0.150000
0,0.797016,0.185185,0.285714
1,0.735623,0.370370,0.055556
1,0.794033,0.210526,0.083333
1,0.898704,0.541667,0.227273
1,0.796791,0.304348,0.066667
0,0.834606,0.391304,0.000000
0,0.837138,0.600000,0.200000
1,0.927870,0.692308,0.080000
0,0.760812,0.380952,0.307692
0,0.707632,0.125000,0.000000
0,0.842282,0.416667,0.250000
1,0.912707,0.600000,0.117647
1,0.939330,0.680000,0.421053
1,0.743716,0.428571,0.222222
1,0.812725,0.321429,0.150000
1,0.902362,0.576923,0.444444
1,0.903182,0.565217,0.227273
1,0.952641,0.733333,0.000000
0,0.792479,0.500000,0.238095
1,0.912743,0.666667,0.296296
1,0.854500,0.625000,0.043478
0,0.808102,0.461538,0.200000
1,0.810673,0.500000,0.166667
1,0.806378,0.259259,0.055556
1,0.736185,0.230769,0.111111
0,0.689166,0.333333,0.187500
1,0.909718,0.523810,0.187500
1,0.931228,0.793103,0.206897
1,0.724308,0.428571,0.105263
0,0.845126,0.588235,0.250000
1,0.749431,0.375000,0.266667
1,0.748283,0.437500,0.153846
1,0.677442,0.285714,0.000000
1,0.843239,0.444444,0.333333
1,0.755944,0.350000,0.133333
1,0.827973,0.352941,0.400000
1,0.685084,0.277778,0.040000
1,0.826543,0.500000,0.000000
1,0.562226,0.222222,0.200000
0,0.787107,0.400000,0.190476
1,0.879392,0.608696,0.000000
1,0.858724,0.500000,0.428571
1,0.853768,0.500000,0.166667
1,0.846724,0.217391,0.062500
0,0.723499,0.200000,0.043478
0,0.823139,0.433333,0.150000
0,0.656557,0.260870,0.315789
1,0.908603,0.619048,0.095238
1,0.804890,0.464286,0.090909
0,0.826816,0.391304,0.000000
1,0.731097,0.230769,0.285714
0,0.660487,0.250000,0.142857
0,0.735770,0.350000,0.076923
1,0.883031,0.478261,0.125000
1,0.857333,0.636364,0.285714
1,0.896701,0.454545,0.263158
0,0.820104,0.500000,0.125000
0,0.623014,0.368421,0.000000
1,0.725580,0.277778,0.083333
1,0.707929,0.384615,0.095238
1,0.883402,0.629630,0.037037
0,0.747676,0.419355,0.240000
0,0.638467,0.190476,0.333333
0,0.897826,0.666667,0.190476
1,0.914817,0.633333,0.125000
1,0.855517,0.523810,0.055556
0,0.707830,0.272727,0.153846
1,0.762686,0.285714,0.269231
1,0.680088,0.312500,0.100000
1,0.775793,0.200000,0.571429
0,0.755619,0.300000,0.071429
1,0.888391,0.692308,0.222222
1,0.883171,0.606061,0.034483
0,0.819480,0.375000,0.238095
0,0.679097,0.291667,0.062500
1,0.974759,0.720000,0.000000
1,0.833782,0.600000,0.125000
1,0.770779,0.307692,0.000000
1,0.820369,0.384615,0.000000
0,0.811447,0.565217,0.285714
1,0.866627,0.531250,0.208333
0,0.749345,0.205882,0.047619
1,0.863897,0.368421,0.142857
1,0.861973,0.666667,0.266667
1,0.898946,0.391304,0.200000
0,0.746421,0.384615,0.304348
1,0.701539,0.230769,0.157895
1,0.652604,0.086957,0.166667
1,0.923878,0.703704,0.086957
1,0.910749,0.500000,0.095238
1,0.908257,0.708333,0.263158
1,0.771245,0.347826,0.133333
1,0.702320,0.291667,0.062500
1,0.916052,0.636364,0.105263
0,0.777083,0.391304,0.222222
0,0.827370,0.571429,0.120000
1,0.827900,0.480000,0.111111
1,0.762989,0.250000,0.033333
0,0.737326,0.304348,0.200000
0,0.766156,0.310345,0.375000
0,0.906244,0.666667,0.222222
1,0.814800,0.393939,0.333333
0,0.818572,0.228571,0.250000
0,0.666530,0.285714,0.400000
0,0.832392,0.400000,0.150000
1,0.807012,0.344828,0.052632
1,0.958809,0.730769,0.000000
1,0.833359,0.541667,0.136364
0,0.805504,0.466667,0.368421
1,0.799675,0.464286,0.368421
0,0.737319,0.333333,0.117647
1,0.830937,0.391304,0.000000
1,0.857829,0.535714,0.181818
1,0.779038,0.523810,0.333333
1,0.825086,0.478261,0.428571
1,0.897681,0.520000,0.437500
0,0.901025,0.750000,0.230769
1,0.823439,0.480000,0.375000
0,0.768948,0.300000,0.600000
1,0.793247,0.333333,0.000000
1,0.723074,0.440000,0.291667
0,0.818253,0.551724,0.241379
0,0.721735,0.333333,0.200000
1,0.827301,0.545455,0.125000
1,0.896932,0.350000,0.250000
1,0.773102,0.310345,0.166667
1,0.804337,0.500000,0.250000
1,0.862633,0.517241,0.120000
1,0.884782,0.653846,0.000000
1,0.821916,0.551724,0.000000
0,0.646270,0.285714,0.076923
1,0.911863,0.724138,0.000000
1,0.615472,0.260870,0.071429
1,0.850829,0.529412,0.363636
0,0.826758,0.360000,0.125000
0,0.791190,0.432432,0.000000
0,0.877314,0.454545,0.074074
1,0.893522,0.620690,0.148148
1,0.835736,0.535714,0.095238
1,0.948192,0.739130,0.000000
0,0.908479,0.629630,0.368421
0,0.679817,0.291667,0.133333
1,0.774480,0.419355,0.333333
1,0.821546,0.538462,0.259259
1,0.683125,0.300000,0.375000
1,0.778164,0.307692,0.157895
1,0.663193,0.190476,0.076923
0,0.726696,0.357143,0.090909
1,0.829672,0.461538,0.296296
0,0.828639,0.428571,0.217391
1,0.904897,0.741935,0.000000
1,0.771071,0.409091,0.384615
0,0.854097,0.560000,0.095238
0,0.716874,0.280000,0.000000
1,0.822157,0.416667,0.100000
1,0.904976,0.666667,0.041667
1,0.862491,0.535714,0.333333
1,0.834048,0.423077,0.157895
1,0.739209,0.282051,0.142857
0,0.761514,0.160000,0.142857
1,0.710924,0.266667,0.333333
0,0.925344,0.608696,0.411765
0,0.765114,0.375000,0.357143
1,0.884761,0.681818,0.157895
1,0.974907,0.680000,0.142857
1,0.904788,0.650000,0.100000
1,0.762570,0.354839,0.000000
1,0.698911,0.375000,0.230769
1,0.781949,0.437500,0.400000
1,0.953545,0.500000,0.153846
1,0.879801,0.468750,0.173913
1,0.809193,0.480000,0.375000
0,0.869567,0.533333,0.040000
1,0.802893,0.500000,0.384615
0,0.808507,0.476190,0.058824
1,0.874169,0.619048,0.150000
1,0.910328,0.454545,0.000000
1,0.744750,0.380952,0.187500
0,0.798396,0.440000,0.294118
1,0.883004,0.566667,0.076923
1,0.805698,0.384615,0.375000
0,0.822651,0.482759,0.285714
0,0.788341,0.181818,0.050000
1,0.833639,0.238095,0.166667
1,0.775764,0.157895,0.090909
1,0.914368,0.629630,0.000000
1,0.787281,0.437500,0.333333
1,0.901711,0.642857,0.043478
1,0.720367,0.222222,0.153846
1,0.822896,0.391304,0.166667
0,0.676707,0.200000,0.400000
1,0.897751,0.600000,0.111111
1,0.831765,0.478261,0.176471
0,0.776542,0.333333,0.416667
0,0.784422,0.500000,0.055556
1,0.793371,0.263158,0.000000
1,0.899418,0.576923,0.050000
1,0.779373,0.450000,0.000000
0,0.820394,0.346154,0.500000
1,0.845632,0.531250,0.083333
1,0.856011,0.350000,0.076923
1,0.670821,0.350000,0.133333
1,0.883333,0.642857,0.043478
1,0.900954,0.760000,0.125000
1,0.808256,0.500000,0.285714
1,0.923606,0.555556,0.250000
1,0.941756,0.578947,0.000000
0,0.784459,0.393939,0.500000
1,0.848935,0.423077,0.166667
0,0.731445,0.272727,0.333333
1,0.918097,0.714286,0.240000
1,0.896290,0.689655,0.040000
0,0.705156,0.285714,0.238095
1,0.882156,0.678571,0.148148
1,0.641289,0.230769,0.666667
1,0.891464,0.625000,0.071429
1,0.952033,0.863636,0.111111
0,0.837699,0.428571,0.181818
0,0.762229,0.368421,0.071429
0,0.834717,0.520000,0.047619
1,0.940240,0.727273,0.222222
1,0.920694,0.750000,0.200000
0,0.807099,0.400000,0.100000
0,0.800080,0.500000,0.190476
1,0.753677,0.285714,0.250000
0,0.678569,0.115385,0.416667
1,0.962405,0.388889,0.083333
1,0.823773,0.500000,0.136364
0,0.800778,0.347826,0.176471
0,0.762892,0.291667,0.277778
1,0.832557,0.548387,0.148148
1,0.940104,0.440000,0.192308
1,0.870587,0.653846,0.263158
1,0.775184,0.400000,0.052632
1,0.893949,0.535714,0.041667
1,0.840816,0.516129,0.178571
0,0.726302,0.360000,0.266667
0,0.778457,0.406250,0.115385
0,0.810559,0.291667,0.166667
0,0.756445,0.240000,0.176471
1,0.839695,0.421053,0.076923
0,0.698265,0.217391,0.133333
0,0.796018,0.451613,0.190476
1,0.845550,0.583333,0.320000
1,0.613928,0.235294,0.307692
0,0.660025,0.217391,0.000000
1,0.974917,0.920000,0.000000
1,0.815940,0.421053,0.076923
1,0.813892,0.393939,0.043478
1,0.803231,0.310345,0.090909
1,0.828546,0.120000,0.153846
0,0.651668,0.250000,0.058824
1,0.872831,0.625000,0.043478
1,0.896508,0.740741,0.115385
1,0.744673,0.416667,0.111111
0,0.752512,0.263158,0.333333
1,0.841201,0.611111,0.235294
0,0.786566,0.344828,0.142857
0,0.837053,0.555556,0.100000
1,0.902193,0.703704,0.000000
1,0.922646,0.695652,0.222222
1,0.862827,0.444444,0.000000
1,0.823615,0.592593,0.000000
1,0.899273,0.680000,0.000000
1,0.893019,0.535714,0.083333
1,0.890336,0.607143,0.125000
1,0.796422,0.347826,0.461538
0,0.628621,0.227273,0.071429
1,0.953450,0.766667,0.000000
0,0.700120,0.269231,0.357143
0,0.786144,0.352941,0.230769
1,0.647409,0.200000,0.363636
1,0.746005,0.473684,0.000000
0,0.683352,0.200000,0.125000
1,0.686159,0.352941,0.300000
1,0.892248,0.566667,0.074074
1,0.859579,0.400000,0.230769
1,0.752867,0.350000,0.312500
0,0.710983,0.250000,0.066667
1,0.789863,0.392857,0.130435
1,0.812744,0.411765,0.000000
1,0.786506,0.423077,0.150000
1,0.861627,0.368421,0.166667
0,0.732733,0.375000,0.241379
1,0.914049,0.615385,0.250000
1,0.739760,0.256410,0.148148
1,0.739138,0.288889,0.000000
1,0.927141,0.769231,0.074074
1,0.840686,0.392857,0.217391
0,0.896201,0.566667,0.285714
1,0.799252,0.466667,0.080000
0,0.830644,0.400000,0.304348
0,0.733630,0.307692,0.187500
0,0.687852,0.307692,0.304348
0,0.759539,0.277778,0.037037
1,0.800303,0.423077,0.190476
0,0.830856,0.392857,0.437500
0,0.741161,0.261905,0.137931
1,0.706769,0.437500,0.300000
1,0.905552,0.629630,0.045455
1,0.814825,0.307692,0.428571
0,0.701822,0.269231,0.111111
1,0.757550,0.333333,0.000000
1,0.802271,0.379310,0.291667
1,0.703002,0.347826,0.066667
1,0.877191,0.615385,0.142857
0,0.894404,0.538462,0.166667
0,0.718199,0.321429,0.217391
0,0.689486,0.387097,0.130435
1,0.776488,0.368421,0.142857
0,0.936964,0.730769,0.200000
1,0.730658,0.333333,0.052632
1,0.939778,0.714286,0.040000
0,0.808170,0.466667,0.136364
1,0.728181,0.347826,0.000000
0,0.795759,0.181818,0.454545
0,0.865860,0.482759,0.240000
0,0.686616,0.230769,0.222222
0,0.768350,0.434783,0.000000
1,0.793621,0.413793,0.277778
0,0.740180,0.181818,0.222222
0,0.739912,0.461538,0.272727
0,0.865288,0.523810,0.263158
1,0.904471,0.583333,0.235294
0,0.727842,0.236842,0.038462
1,0.808641,0.303030,0.200000
0,0.698234,0.296296,0.100000
0,0.844561,0.387097,0.240000
1,0.802077,0.428571,0.142857
1,0.744087,0.173913,0.312500
1,0.826601,0.481481,0.000000
1,0.799318,0.291667,0.285714
1,0.890015,0.566667,0.185185
1,0.737690,0.120000,0.133333
1,0.807662,0.588235,0.200000
1,0.682296,0.230769,0.117647
1,0.925404,0.750000,0.333333
0,0.840969,0.392857,0.294118
1,0.820857,0.473684,0.187500
1,0.814593,0.360000,0.210526
1,0.886526,0.689655,0.040000
1,0.881972,0.586207,0.076923
0,0.831541,0.291667,0.066667
1,0.860780,0.375000,0.259259
0,0.767822,0.391304,0.117647
1,0.923895,0.695652,0.000000
0,0.832302,0.333333,0.250000
1,0.817331,0.444444,0.166667
1,0.935211,0.680000,0.041667
1,0.970066,0.733333,0.000000
1,0.871074,0.461538,0.227273
1,0.903926,0.625000,0.142857
1,0.655964,0.217391,0.250000
1,0.748410,0.400000,0.400000
1,0.750187,0.368421,0.166667
1,0.911452,0.684211,0.357143
1,0.867988,0.391304,0.235294
1,0.792316,0.480000,0.181818
1,0.838339,0.562500,0.000000
1,0.914292,0.633333,0.074074
1,0.916969,0.607143,0.115385
1,0.847393,0.437500,0.083333
1,0.864748,0.666667,0.269231
0,0.785997,0.344828,0.052632
0,0.900693,0.586207,0.222222
1,0.759306,0.238095,0.076923
1,0.804127,0.388889,0.083333
1,0.862095,0.333333,0.076923
1,0.919749,0.750000,0.038462
0,0.789814,0.400000,0.208333
1,0.770204,0.375000,0.307692
1,0.612710,0.250000,0.222222
1,0.877245,0.640000,0.315789
1,0.928765,0.550000,0.157895
1,0.905635,0.551724,0.192308
0,0.698283,0.400000,0.333333
1,0.912669,0.681818,0.190476
0,0.775039,0.307692,0.428571
1,0.769596,0.421053,0.222222
1,0.937291,0.750000,0.285714
0,0.735569,0.318182,0.277778
1,0.902534,0.538462,0.095238
0,0.791040,0.423077,0.352941
0,0.831934,0.440000,0.277778
1,0.714880,0.200000,0.142857
0,0.675635,0.266667,0.272727
1,0.730559,0.210526,0.090909
1,0.945247,0.586207,0.000000
0,0.635212,0.294118,0.200000
0,0.812622,0.375000,0.333333
1,0.824013,0.360000,0.000000
0,0.773395,0.366667,0.333333
0,0.663178,0.285714,0.250000
1,0.983645,0.708333,0.000000
1,0.811296,0.444444,0.000000
0,0.845093,0.323529,0.043478
0,0.625420,0.240000,0.214286
1,0.862149,0.541667,0.157895
1,0.919612,0.586207,0.285714
1,0.836868,0.444444,0.250000
1,0.814910,0.571429,0.058824
0,0.864187,0.576923,0.200000
0,0.734675,0.269231,0.058824
0,0.790145,0.250000,0.095238
0,0.811097,0.300000,0.266667
1,0.819424,0.323529,0.045455
1,0.843461,0.600000,0.095238
0,0.772541,0.285714,0.125000
0,0.798008,0.400000,0.125000
1,0.869916,0.480000,0.352941
0,0.857826,0.444444,0.266667
1,0.908612,0.655172,0.000000
0,0.895777,0.607143,0.333333
0,0.788041,0.361111,0.363636
0,0.813417,0.451613,0.300000
1,0.827650,0.437500,0.230769
1,0.737136,0.352941,0.181818
1,0.849634,0.413793,0.157895
1,0.915676,0.619048,0.312500
0,0.824845,0.580645,0.037037
1,0.844656,0.500000,0.277778
1,0.764782,0.466667,0.307692
1,0.915000,0.625000,0.052632
0,0.670240,0.192308,0.263158
0,0.822256,0.428571,0.066667
1,0.907797,0.636364,0.294118
0,0.726037,0.379310,0.045455
0,0.833077,0.333333,0.136364
0,0.705522,0.384615,0.055556
1,0.927058,0.740741,0.227273
0,0.750658,0.218750,0.181818
1,0.765321,0.379310,0.210526
0,0.867501,0.607143,0.217391
1,0.815754,0.360000,0.105263
1,0.856115,0.310345,0.166667
0,0.836600,0.400000,0.000000
1,0.740938,0.160000,0.307692
0,0.795514,0.272727,0.071429
1,0.885801,0.575758,0.166667
1,0.817833,0.454545,0.285714
1,0.932004,0.666667,0.181818
1,0.666212,0.347826,0.380952
0,0.698598,0.320000,0.333333
1,0.623267,0.240000,0.285714
1,0.776101,0.222222,0.210526
1,0.955032,0.655172,0.038462
1,0.955528,0.703704,0.000000
1,0.814049,0.352941,0.230769
1,0.802299,0.400000,0.178571
1,0.845744,0.391304,0.266667
1,0.943973,0.590909,0.117647
1,0.938497,0.684211,0.100000
1,0.893445,0.518519,0.090909
1,0.789758,0.400000,0.000000
0,0.773249,0.240000,0.384615
0,0.748397,0.172414,0.058824
1,0.924135,0.625000,0.050000
1,0.830318,0.636364,0.235294
1,0.804674,0.478261,0.250000
0,0.640199,0.263158,0.000000
1,0.763732,0.391304,0.000000
0,0.789869,0.470588,0.142857
0,0.761845,0.230769,0.285714
0,0.654775,0.222222,0.000000
1,0.876698,0.476190,0.176471
0,0.651269,0.235294,0.333333
1,0.824700,0.358974,0.037037
1,0.923938,0.709677,0.000000
0,0.596906,0.200000,0.071429
1,0.730056,0.346154,0.466667
1,0.888448,0.642857,0.181818
0,0.743413,0.272727,0.045455
1,0.806373,0.473684,0.235294
1,0.874456,0.619048,0.150000
1,0.858048,0.531250,0.040000
1,0.892528,0.629630,0.315789
1,0.878996,0.466667,0.160000
0,0.751209,0.315789,0.266667
1,0.844332,0.347826,0.066667
0,0.689811,0.294118,0.200000
1,0.898795,0.760000,0.125000
1,0.890523,0.653846,0.150000
1,0.699806,0.294118,0.166667
0,0.811987,0.303030,0.142857
1,0.868199,0.612903,0.076923
0,0.754376,0.272727,0.235294
1,0.882745,0.578947,0.500000
1,0.935440,0.680000,0.090909
1,0.886052,0.535714,0.043478
1,0.795203,0.461538,0.142857
0,0.698021,0.333333,0.222222
1,0.756023,0.466667,0.444444
1,0.781854,0.363636,0.142857
0,0.754012,0.312500,0.100000
0,0.682987,0.375000,0.350000
0,0.729079,0.250000,0.062500
1,0.946460,0.666667,0.105263
1,0.881225,0.538462,0.000000
0,0.880484,0.346154,0.333333
1,0.758305,0.321429,0.105263
1,0.881668,0.620690,0.333333
1,0.877623,0.642857,0.181818
0,0.824893,0.482759,0.038462
1,0.826130,0.466667,0.200000
1,0.836844,0.461538,0.222222
1,0.934025,0.700000,0.035714
0,0.677313,0.173913,0.071429
1,0.841524,0.576923,0.043478
1,0.959199,0.652174,0.166667
0,0.743924,0.310345,0.227273
0,0.822760,0.500000,0.555556
1,0.857996,0.555556,0.000000
0,0.865349,0.520000,0.272727
1,0.664374,0.250000,0.125000
0,0.767121,0.444444,0.086957
0,0.882771,0.500000,0.172414
1,0.698236,0.235294,0.263158
0,0.800687,0.407407,0.272727
0,0.891900,0.450000,0.307692
0,0.795826,0.314286,0.285714
0,0.763085,0.208333,0.071429
1,0.846320,0.500000,0.388889
0,0.885655,0.300000,0.050000
1,0.930183,0.782609,0.080000
1,0.878450,0.666667,0.208333
1,0.874762,0.548387,0.115385
0,0.777186,0.304348,0.142857
0,0.734749,0.192308,0.066667
1,0.881952,0.684211,0.166667
1,0.872955,0.608696,0.227273
1,0.774060,0.461538,0.280000
1,0.932653,0.692308,0.041667
1,0.851255,0.266667,0.210526
1,0.813459,0.400000,0.083333
0,0.643563,0.333333,0.400000
1,0.963467,0.444444,0.000000
1,0.982257,0.655172,0.080000
1,0.800881,0.310345,0.130435
1,0.871092,0.388889,0.076923
0,0.691578,0.208333,0.133333
1,0.761035,0.424242,0.272727
1,0.847068,0.571429,0.250000
0,0.876775,0.565217,0.318182
1,0.819016,0.523810,0.111111
0,0.865785,0.533333,0.000000
0,0.767939,0.478261,0.187500
0,0.764200,0.379310,0.150000
1,0.919523,0.666667,0.192308
1,0.804906,0.393939,0.130435
0,0.798285,0.307692,0.333333
1,0.671541,0.227273,0.071429
1,0.830517,0.428571,0.384615
1,0.903701,0.684211,0.176471
1,0.757959,0.400000,0.333333
1,0.897319,0.600000,0.181818
1,0.799117,0.535714,0.045455
1,0.923881,0.678571,0.040000
1,0.893861,0.653846,0.160000
1,0.852348,0.480000,0.095238
1,0.769059,0.285714,0.454545
0,0.727479,0.230769,0.214286
1,0.871809,0.500000,0.312500
1,0.843579,0.517241,0.086957
1,0.739264,0.200000,0.200000
0,0.788855,0.387097,0.043478
1,0.900816,0.620690,0.333333
1,0.838095,0.541667,0.375000
1,0.825083,0.480000,0.111111
1,0.927594,0.629630,0.115385
1,0.912314,0.642857,0.086957
0,0.742678,0.222222,0.000000
1,0.888043,0.740741,0.043478
0,0.719529,0.307692,0.238095
1,0.808428,0.384615,0.375000
1,0.840023,0.518519,0.086957
1,0.858755,0.350000,0.312500
1,0.913188,0.629630,0.230769
1,0.937496,0.615385,0.208333
1,0.753054,0.321429,0.437500
0,0.808149,0.380952,0.368421
1,0.901484,0.593750,0.035714
1,0.927917,0.703704,0.086957
1,0.854967,0.526316,0.176471
1,0.720859,0.217391,0.066667
1,0.729025,0.240000,0.062500
0,0.882315,0.600000,0.173913
0,0.675869,0.269231,0.210526
1,0.890519,0.645161,0.111111
0,0.754311,0.285714,0.040000
1,0.747301,0.320000,0.058824
0,0.674143,0.181818,0.454545
0,0.826322,0.500000,0.250000
0,0.836078,0.483871,0.206897
1,0.915737,0.750000,0.100000
1,0.863042,0.290323,0.000000
1,0.715093,0.217391,0.133333
0,0.733211,0.250000,0.363636
0,0.872066,0.545455,0.250000
1,0.760513,0.428571,0.083333
1,0.790011,0.375000,0.055556
1,0.930071,0.708333,0.130435
1,0.914859,0.620690,0.125000
0,0.611965,0.181818,0.375000
1,0.738926,0.416667,0.250000
1,0.907660,0.593750,0.217391
1,0.604955,0.105263,0.090909
1,0.910597,0.583333,0.304348
0,0.650972,0.264706,0.045455
1,0.724253,0.388889,0.173913
1,0.896629,0.565217,0.533333
1,0.883830,0.391304,0.133333
1,0.896250,0.696970,0.000000
1,0.849623,0.500000,0.272727
1,0.939677,0.782609,0.315789
1,0.734233,0.384615,0.235294
0,0.748572,0.310345,0.111111
0,0.706496,0.260870,0.071429
1,0.917013,0.222222,0.000000
1,0.865923,0.592593,0.000000
1,0.688663,0.280000,0.117647
1,0.900353,0.750000,0.034483
1,0.891017,0.565217,0.000000
1,0.858724,0.500000,0.333333
1,0.814692,0.500000,0.090909
0,0.829933,0.290323,0.100000
0,0.747562,0.230769,0.117647
0,0.871767,0.551724,0.214286
1,0.794723,0.375000,0.266667
1,0.905668,0.724138,0.142857
1,0.739505,0.275000,0.037037
1,0.944574,0.560000,0.136364
0,0.841253,0.500000,0.307692
1,0.793972,0.391304,0.263158
1,0.852335,0.535714,0.208333
1,0.888399,0.571429,0.086957
1,0.878545,0.650000,0.300000
1,0.949925,0.586207,0.041667
1,0.833176,0.500000,0.120000
1,0.924384,0.666667,0.045455
1,0.887446,0.500000,0.080000
1,0.855976,0.473684,0.133333
0,0.856309,0.481481,0.562500
0,0.745794,0.272727,0.066667
1,0.841975,0.166667,0.416667
1,0.845655,0.375000,0.000000
1,0.812850,0.407407,0.190476
0,0.849040,0.285714,0.318182
1,0.933113,0.531250,0.071429
0,0.834046,0.307692,0.500000
0,0.735136,0.318182,0.214286
1,0.893781,0.633333,0.173913
1,0.868581,0.450000,0.176471
0,0.754600,0.240000,0.277778
0,0.762190,0.321429,0.052632
1,0.856511,0.476190,0.357143
1,0.752086,0.368421,0.133333
0,0.666873,0.142857,0.222222
1,0.784779,0.444444,0.166667
0,0.836942,0.478261,0.157895
0,0.746007,0.200000,0.235294
0,0.705096,0.285714,0.111111
1,0.810247,0.384615,0.000000
1,0.899667,0.666667,0.043478
0,0.710679,0.214286,0.187500
1,0.852940,0.421053,0.000000
1,0.748092,0.318182,0.277778
0,0.657912,0.304348,0.214286
1,0.880610,0.631579,0.350000
1,0.862908,0.625000,0.071429
1,0.718462,0.277778,0.000000
1,0.826140,0.454545,0.117647
1,0.789216,0.407407,0.136364
1,0.908741,0.700000,0.200000
1,0.732872,0.421053,0.230769
1,0.636326,0.318182,0.125000
0,0.734726,0.259259,0.222222
0,0.791674,0.416667,0.312500
1,0.948108,0.607143,0.115385
0,0.695328,0.342857,0.000000
0,0.787420,0.307692,0.157895
1,0.743268,0.344828,0.150000
0,0.658287,0.352941,0.300000
1,0.792483,0.300000,0.086957
1,0.645788,0.285714,0.294118
1,0.669178,0.208333,0.071429
0,0.818735,0.423077,0.304348
1,0.737771,0.238095,0.545455
1,0.831849,0.250000,0.250000
1,0.827372,0.468750,0.166667
0,0.835188,0.468750,0.227273
1,0.923571,0.655172,0.214286
1,0.721746,0.250000,0.125000
0,0.780427,0.400000,0.500000
1,0.699547,0.200000,0.062500
0,0.924552,0.652174,0.260870
0,0.820888,0.333333,0.076923
1,0.702586,0.300000,0.363636
1,0.860024,0.321429,0.000000
0,0.734421,0.333333,0.217391
0,0.765204,0.384615,0.363636
0,0.750166,0.310345,0.375000
1,0.774085,0.303030,0.043478
1,0.981449,0.761905,0.000000
1,0.881568,0.400000,0.142857
1,0.932489,0.666667,0.173913
1,0.762489,0.277778,0.181818
0,0.725937,0.240000,0.066667
0,0.635411,0.052632,0.222222
0,0.666201,0.315789,0.166667
1,0.683709,0.350000,0.250000
0,0.756600,0.192308,0.263158
1,0.847662,0.500000,0.000000
0,0.787661,0.535714,0.333333
1,0.911772,0.461538,0.500000
0,0.769456,0.272727,0.294118
0,0.802565,0.517241,0.000000
1,0.939560,0.652174,0.045455
1,0.843377,0.388889,0.083333
1,0.750026,0.350000,0.230769
0,0.747787,0.409091,0.266667
1,0.922640,0.560000,0.090909
1,0.785686,0.440000,0.375000
1,0.835204,0.433333,0.259259
1,0.861928,0.608696,0.043478
1,0.908313,0.642857,0.173913
1,0.765401,0.387097,0.083333
1,0.924834,0.714286,0.040000
1,0.832750,0.450000,0.000000
1,0.870490,0.454545,0.461538
1,0.816915,0.526316,0.066667
1,0.853013,0.500000,0.105263
1,0.838118,0.578947,0.210526
1,0.763294,0.282051,0.111111
1,0.818367,0.360000,0.291667
1,0.724464,0.303030,0.043478
1,0.787836,0.238095,0.133333
0,0.765707,0.370370,0.238095
1,0.751181,0.407407,0.045455
0,0.649143,0.157895,0.230769
1,0.908063,0.481481,0.352941
0,0.871447,0.451613,0.000000
1,0.954573,0.666667,0.200000
1,0.842462,0.379310,0.210526
0,0.721423,0.437500,0.076923
1,0.855463,0.466667,0.045455
1,0.823523,0.440000,0.095238
0,0.751798,0.333333,0.187500
0,0.877025,0.586207,0.153846
1,0.940681,0.586207,0.080000
1,0.721787,0.258065,0.136364
0,0.693262,0.259259,0.000000
1,0.879107,0.615385,0.100000
1,0.915476,0.483871,0.080000
0,0.736817,0.428571,0.222222
1,0.907063,0.551724,0.222222
0,0.722428,0.100000,0.300000
0,0.765629,0.454545,0.222222
1,0.870371,0.476190,0.066667
0,0.864421,0.346154,0.052632
0,0.801080,0.303030,0.125000
0,0.639032,0.238095,0.076923
1,0.781492,0.466667,0.230769
1,0.794081,0.307692,0.052632
0,0.772192,0.217391,0.153846
1,0.953160,0.733333,0.034483
0,0.804532,0.478261,0.333333
1,0.823581,0.347826,0.210526
1,0.722710,0.500000,0.250000
1,0.908784,0.678571,0.080000
1,0.863807,0.625000,0.074074
1,0.752508,0.361111,0.107143
0,0.769181,0.343750,0.125000
1,0.926699,0.625000,0.052632
1,0.812897,0.476190,0.263158
1,0.886025,0.590909,0.200000
1,0.884453,0.382353,0.333333
0,0.768426,0.354839,0.208333
1,0.909851,0.533333,0.259259
0,0.691642,0.347826,0.062500
0,0.728786,0.307692,0.285714
0,0.664653,0.315789,0.166667
1,0.958851,0.703704,0.000000
0,0.740816,0.363636,0.142857
1,0.876263,0.275862,0.055556
1,0.749415,0.388889,0.214286
1,0.841152,0.555556,0.090909
1,0.767077,0.400000,0.090909
0,0.760559,0.360000,0.240000
1,0.834416,0.312500,0.250000
1,0.904300,0.515152,0.107143
1,0.918280,0.689655,0.208333
1,0.796940,0.444444,0.000000
1,0.904269,0.586207,0.230769
0,0.620270,0.240000,0.062500
1,0.741487,0.217391,0.000000
1,0.835736,0.473684,0.333333
1,0.846636,0.480000,0.000000
0,0.908987,0.642857,0.310345
1,1.000000,0.777778,0.000000
0,0.785264,0.407407,0.562500
1,0.845056,0.423077,0.411765
1,0.851866,0.416667,0.300000
0,0.854516,0.352941,0.153846
1,0.756353,0.260870,0.066667
1,0.680737,0.250000,0.166667
0,0.693216,0.178571,0.538462
1,0.862326,0.592593,0.038462
1,0.715034,0.375000,0.269231
1,0.696919,0.277778,0.130435
0,0.725557,0.343750,0.555556
0,0.709441,0.305556,0.259259
1,0.779741,0.242424,0.217391
0,0.719674,0.230769,0.187500
0,0.686495,0.296296,0.117647
1,0.874364,0.448276,0.086957
1,0.692251,0.260870,0.235294
0,0.829486,0.352941,0.086957
0,0.649129,0.142857,0.076923
1,0.930321,0.473684,0.111111
0,0.655437,0.115385,0.222222
0,0.711147,0.444444,0.142857
1,0.881160,0.533333,0.125000
1,0.847550,0.400000,0.416667
1,0.978959,0.777778,0.125000
0,0.884316,0.607143,0.578947
1,0.544684,0.176471,0.222222
0,0.794286,0.361111,0.120000
0,0.742654,0.200000,0.142857
1,0.928660,0.666667,0.120000
1,0.770144,0.300000,0.000000
0,0.693390,0.296296,0.100000
1,0.829535,0.352941,0.083333
1,0.782513,0.406250,0.136364
1,0.779551,0.419355,0.315789
1,0.787397,0.407407,0.080000
1,0.829315,0.413793,0.095238
0,0.812223,0.541667,0.375000
1,0.874474,0.631579,0.117647
1,0.834793,0.388889,0.103448
1,0.910911,0.680000,0.333333
1,0.902348,0.677419,0.071429
1,0.930880,0.733333,0.000000
1,0.800387,0.318182,0.066667
1,0.596566,0.294118,0.166667
1,0.881318,0.481481,0.333333
1,0.867953,0.476190,0.357143
1,0.795044,0.393939,0.160000
1,0.810128,0.437500,0.300000
1,0.912866,0.578947,0.066667
1,0.784820,0.428571,0.142857
1,0.924274,0.516129,0.120000
0,0.908893,0.592593,0.450000
0,0.704655,0.192308,0.055556
1,0.806084,0.384615,0.400000
1,0.802363,0.464286,0.150000
1,0.935489,0.666667,0.173913
0,0.832616,0.470588,0.111111
0,0.705370,0.360000,0.312500
0,0.632771,0.217391,0.500000
1,0.870193,0.481481,0.136364
1,0.903076,0.689655,0.227273
0,0.923421,0.600000,0.428571
1,0.948728,0.642857,0.076923
1,0.801170,0.315789,0.272727
1,0.929581,0.600000,0.045455
1,0.888379,0.727273,0.227273
1,0.772995,0.421053,0.115385
0,0.659412,0.320000,0.187500
1,0.863842,0.344828,0.142857
0,0.713254,0.296296,0.055556
1,0.843610,0.551724,0.272727
0,0.718737,0.321429,0.052632
1,0.812208,0.344828,0.200000
0,0.829394,0.538462,0.100000
1,0.771002,0.318182,0.384615
0,0.648291,0.315789,0.083333
1,0.854386,0.529412,0.416667
0,0.730725,0.440000,0.052632
0,0.739754,0.428571,0.136364
0,0.787420,0.185185,0.133333
1,0.730671,0.333333,0.066667
1,0.874301,0.625000,0.090909
1,0.892881,0.590909,0.045455
0,0.789347,0.360000,0.500000
1,0.668943,0.388889,0.214286
1,0.860383,0.625000,0.137931
0,0.799416,0.315789,0.142857
1,0.898600,0.650000,0.166667
1,0.695899,0.200000,0.000000
0,0.707233,0.333333,0.416667
1,0.849455,0.517241,0.000000
0,0.623792,0.282051,0.080000
0,0.675651,0.250000,0.333333
1,0.850655,0.428571,0.125000
0,0.740761,0.208333,0.294118
1,0.819351,0.363636,0.125000
1,0.780176,0.400000,0.214286
1,0.890955,0.750000,0.083333
0,0.668992,0.227273,0.066667
1,0.737687,0.181818,0.470588
1,0.893072,0.692308,0.368421
1,0.733861,0.388889,0.214286
1,0.823135,0.333333,0.136364
0,0.671831,0.375000,0.000000
1,0.865192,0.500000,0.111111
1,0.798969,0.466667,0.000000
1,0.821124,0.428571,0.235294
1,0.810210,0.370370,0.052632
1,0.948777,0.714286,0.120000
1,0.830132,0.583333,0.352941
1,0.741438,0.347826,0.062500
1,0.935861,0.607143,0.000000
1,0.668171,0.304348,0.000000
1,0.895548,0.517241,0.181818
1,0.711483,0.285714,0.000000
0,0.817405,0.241379,0.235294
1,0.753806,0.320000,0.250000
1,0.910745,0.666667,0.333333
1,0.881639,0.607143,0.250000
0,0.678643,0.259259,0.250000
0,0.754804,0.238095,0.266667
1,0.795108,0.379310,0.043478
1,0.873875,0.473684,0.153846
0,0.849818,0.541667,0.272727
1,0.852720,0.285714,0.117647
1,0.876840,0.566667,0.083333
1,0.780529,0.360000,0.187500
0,0.626439,0.266667,0.272727
1,0.835873,0.551724,0.043478
1,0.747301,0.320000,0.058824
0,0.686748,0.250000,0.272727
0,0.876242,0.500000,0.291667
1,0.882892,0.571429,0.000000
0,0.694683,0.272727,0.000000
1,0.887016,0.666667,0.125000
0,0.841689,0.312500,0.444444
0,0.774229,0.451613,0.130435
1,0.917401,0.642857,0.111111
1,0.779693,0.434783,0.125000
1,0.793437,0.421053,0.000000
1,0.743159,0.366667,0.263158
1,0.921526,0.703704,0.130435
0,0.811497,0.375000,0.444444
0,0.859535,0.600000,0.380952
1,0.924775,0.520000,0.095238
1,1.000000,0.666667,0.000000
0,0.752725,0.137931,0.058824
1,0.930971,0.636364,0.000000
0,0.659310,0.333333,0.000000
1,0.760888,0.341463,0.037037
1,0.879163,0.375000,0.090909
1,0.707627,0.272727,0.352941
0,0.704988,0.320000,0.300000
1,0.866673,0.523810,0.133333
1,0.772677,0.391304,0.300000
1,0.767892,0.375000,0.166667
0,0.768451,0.321429,0.000000
1,0.616709,0.217391,0.133333
0,0.755702,0.185185,0.117647
1,0.951617,0.766667,0.000000
0,0.827690,0.363636,0.000000
1,0.716512,0.304348,0.062500
1,0.739598,0.411765,0.178571
0,0.834879,0.500000,0.117647
0,0.727502,0.166667,0.250000
0,0.755933,0.391304,0.300000
1,0.749545,0.240000,0.055556
0,0.755028,0.250000,0.142857
1,0.982493,0.684211,0.058824
1,0.740853,0.450000,0.066667
1,0.873568,0.548387,0.037037
0,0.701011,0.210526,0.153846
1,0.834643,0.391304,0.285714
0,0.807261,0.354839,0.307692
0,0.734634,0.208333,0.277778
1,0.884439,0.583333,0.173913
1,0.846441,0.500000,0.125000
0,0.653873,0.222222,0.444444
1,0.896374,0.535714,0.125000
1,0.894491,0.551724,0.040000
1,0.842804,0.391304,0.133333
1,0.715552,0.230769,0.315789
1,0.739141,0.380952,0.176471
1,0.919723,0.757576,0.000000
1,0.874597,0.560000,0.100000
1,0.739827,0.440000,0.176471
1,0.787425,0.500000,0.200000
1,0.729001,0.291667,0.062500
0,0.742919,0.285714,0.333333
1,0.825437,0.518519,0.000000
1,0.673829,0.219512,0.111111
0,0.819420,0.388889,0.500000
1,0.726759,0.444444,0.142857
1,0.888854,0.666667,0.090909
0,0.819412,0.413793,0.230769
0,0.746026,0.280000,0.166667
1,0.936464,0.718750,0.034483
1,0.930544,0.769231,0.083333
1,0.851469,0.406250,0.259259
1,0.891581,0.687500,0.000000
1,0.782553,0.370370,0.100000
1,0.829279,0.454545,0.200000
1,0.802591,0.416667,0.058824
1,0.759667,0.285714,0.190476
1,0.822285,0.411765,0.076923
1,0.943160,0.703704,0.000000
0,0.828670,0.515152,0.037037
1,0.816922,0.538462,0.136364
1,0.864754,0.541667,0.050000
0,0.748377,0.291667,0.066667
1,0.881448,0.615385,0.200000
0,0.859250,0.500000,0.352941
1,0.833589,0.400000,0.260870
1,0.928108,0.818182,0.173913
0,0.847528,0.212121,0.000000
1,0.831088,0.500000,0.166667
0,0.678530,0.344828,0.263158
0,0.737333,0.363636,0.500000
1,0.855889,0.400000,0.250000
1,0.839969,0.454545,0.235294
1,0.868411,0.727273,0.052632
1,0.833299,0.592593,0.080000
1,0.861196,0.600000,0.062500
1,0.928769,0.551724,0.041667
0,0.803347,0.370370,0.090909
1,0.893970,0.655172,0.115385
0,0.778301,0.440000,0.312500
1,0.838714,0.482759,0.315789
1,0.822277,0.333333,0.000000
1,0.917438,0.652174,0.222222
1,0.933934,0.523810,0.428571
1,0.811355,0.379310,0.208333
1,0.918537,0.709677,0.000000
0,0.827059,0.407407,0.375000
1,0.909156,0.695652,0.307692
1,0.960224,0.761905,0.052632
1,0.816623,0.472222,0.034483
0,0.742231,0.347826,0.166667
1,0.901892,0.680000,0.086957
1,0.937293,0.629630,0.222222
0,0.743300,0.375000,0.166667
1,0.784298,0.360000,0.318182
0,0.908287,0.640000,0.320000
1,0.702232,0.285714,0.153846
0,0.838575,0.440000,0.285714
1,0.746346,0.238095,0.000000
0,0.708758,0.307692,0.300000
1,0.765946,0.434783,0.200000
0,0.758822,0.360000,0.285714
1,0.855006,0.629630,0.142857
1,0.754897,0.344828,0.052632
0,0.829155,0.500000,0.100000
1,0.878227,0.636364,0.052632
1,0.923730,0.727273,0.190476
1,0.849390,0.500000,0.217391
1,0.923337,0.653846,0.090909
1,0.879625,0.718750,0.034483
1,0.725262,0.250000,0.307692
1,0.926358,0.607143,0.421053
1,0.823689,0.424242,0.000000
1,0.683465,0.300000,0.066667
0,0.687365,0.250000,0.076923
1,0.823782,0.185185,0.133333
0,0.790105,0.368421,0.142857
1,0.827275,0.538462,0.130435
0,0.734229,0.333333,0.181818
1,0.890141,0.666667,0.038462
1,0.765261,0.296296,0.157895
1,0.854117,0.608696,0.095238
1,0.868216,0.470588,0.363636
0,0.720890,0.363636,0.200000
1,0.929244,0.720000,0.173913
1,0.842976,0.500000,0.500000
1,0.829125,0.473684,0.000000
0,0.665049,0.100000,0.444444
1,0.687008,0.250000,0.090909
1,0.717423,0.370370,0.411765
0,0.698190,0.333333,0.043478
1,0.776059,0.347826,0.176471
1,0.785723,0.290323,0.105263
1,0.753293,0.230769,0.315789
1,0.822688,0.409091,0.384615
0,0.855194,0.227273,0.187500
1,0.954339,0.863636,0.157895
1,0.677541,0.411765,0.400000
1,0.870132,0.500000,0.150000
0,0.694984,0.217391,0.133333
1,0.954994,0.642857,0.000000
1,0.917178,0.678571,0.266667
0,0.683990,0.192308,0.117647
0,0.688329,0.192308,0.214286
1,0.923648,0.666667,0.176471
1,0.848419,0.615385,0.045455
1,0.906159,0.600000,0.000000
1,0.942532,0.750000,0.227273
0,0.808929,0.400000,0.100000
1,0.890015,0.633333,0.038462
1,0.866038,0.615385,0.320000
0,0.817443,0.520000,0.411765
1,0.921050,0.600000,0.047619
0,0.724940,0.200000,0.142857
1,0.901256,0.695652,0.050000
1,0.948357,0.633333,0.035714
1,0.862402,0.520000,0.100000
0,0.687118,0.166667,0.200000
0,0.789386,0.466667,0.260870
1,0.892331,0.681818,0.000000
0,0.611513,0.200000,0.142857
0,0.734891,0.260870,0.071429
1,0.658525,0.240000,0.222222
0,0.663024,0.280000,0.058824
1,0.905352,0.655172,0.125000
1,0.872550,0.480000,0.238095
1,0.763406,0.400000,0.047619
1,0.734183,0.388889,0.076923
1,0.918586,0.760000,0.296296
1,0.894143,0.636364,0.000000
1,0.882342,0.608696,0.173913
1,0.940553,0.714286,0.173913
1,0.967636,0.720000,0.000000
0,0.907438,0.666667,0.120000
1,0.851507,0.578947,0.214286
1,0.728544,0.230769,0.210526
1,0.793535,0.434783,0.058824
1,0.853770,0.347826,0.214286
0,0.689816,0.310345,0.375000
1,0.904345,0.615385,0.100000
1,0.920642,0.612903,0.080000
1,0.911678,0.580645,0.217391
0,0.726791,0.208333,0.230769
0,0.872197,0.357143,0.235294
1,0.802503,0.360000,0.266667
0,0.743805,0.285714,0.076923
1,0.879667,0.541667,0.055556
1,0.877132,0.666667,0.095238
1,0.780231,0.400000,0.291667
1,0.831948,0.681818,0.318182
1,0.715540,0.333333,0.181818
0,0.730649,0.259259,0.157895
1,0.828067,0.400000,0.173913
1,0.765575,0.391304,0.062500
0,0.694958,0.269231,0.333333
1,0.944482,0.692308,0.090909
1,0.766752,0.500000,0.000000
1,0.960002,0.666667,0.192308
1,0.617743,0.300000,0.200000
1,0.802006,0.294118,0.120000
0,0.747945,0.250000,0.350000
1,0.824261,0.450000,0.230769
0,0.775158,0.400000,0.117647
1,0.813800,0.466667,0.086957
1,0.783567,0.200000,0.133333
1,0.889668,0.625000,0.227273
0,0.756941,0.320000,0.176471
0,0.712001,0.200000,0.272727
1,0.888006,0.645161,0.074074
1,0.829887,0.470588,0.142857
0,0.711366,0.346154,0.055556
0,0.704009,0.342857,0.333333
1,0.888823,0.500000,0.125000
1,0.891204,0.650000,0.000000
1,0.823748,0.260870,0.000000
0,0.666995,0.363636,0.000000
1,0.827593,0.304348,0.384615
1,0.776581,0.325000,0.034483
1,0.923266,0.476190,0.466667
1,0.836149,0.521739,0.000000
0,0.747540,0.318182,0.071429
1,0.691771,0.235294,0.166667
0,0.858562,0.310345,0.136364
0,0.824272,0.434783,0.266667
1,0.767762,0.263158,0.153846
0,0.768835,0.464286,0.040000
1,0.905680,0.769231,0.086957
1,0.816203,0.440000,0.150000
1,0.746842,0.260870,0.176471
1,0.909521,0.482759,0.043478
0,0.726058,0.142857,0.083333
1,0.914311,0.714286,0.000000
1,0.844313,0.500000,0.416667
1,0.911049,0.760000,0.166667
1,0.786590,0.382353,0.035714
